Region,Avg Ship Time
Central,4.065876152832675
East,3.9102333931777378
South,3.9612015018773468
West,3.9302547770700635
