Model,MAE,RMSE,MAPE,Forecast Month 1 (Jan 2019),Forecast Month 2 (Feb 2019),Forecast Month 3 (Mar 2019)
SARIMA,19299.922668600833,20205.764078823217,20.36213590774324,51910.456396244495,37726.172629009576,71872.32779928381
Prophet,20296.00741063667,22487.465695306604,21.89258878226872,42548.14257485415,33310.12508564362,80304.67338860733
XGBoost,24286.788716666666,28185.866657663246,25.410540006600396,43353.4921875,24320.203125,51006.109375
