model,rmse,mae,r2,cv_rmse,cv_mae,cv_r2
Linear Regression,1514173.5520492247,1127483.3523235198,0.5464062355495862,1481136.743033543,1235016.57440717,-12.852924554668984
Decision Tree,2108469.2276621847,1445408.8073394496,0.120470729000138,1995348.1237180338,1660754.324159021,-31.04845608894438
Random Forest,1603746.511699812,1143365.7139143732,0.4911530064021459,1680528.7607948459,1411426.715575943,-17.56542878171507
Random Forest (tuned),1571324.95976253,1129707.4399554331,0.5115188811648392,1594072.5928106895,1356156.7673130934,-14.48430272704777
Gradient Boosting,1548211.8996089734,1122130.0857549694,0.5257836038944952,1580076.6287033397,1327020.558665637,-13.640474285615317
Gradient Boosting (tuned),1547986.5978264955,1123182.1451316879,0.5259216134593797,1543529.4324251611,1313455.889872172,-12.632353992554762
XGBoost,1631809.8662577083,1196232.125,0.47318899631500244,1788714.65,1489053.7,-21.874285411834716
XGBoost (tuned),1551341.4124299008,1121276.5,0.5238645076751709,1542270.8,1308059.975,-12.860058879852295
